[{"model": "auth.permission", "pk": 1, "fields": {"name": "Can add log entry", "content_type": 1, "codename": "add_logentry"}}, {"model": "auth.permission", "pk": 2, "fields": {"name": "Can change log entry", "content_type": 1, "codename": "change_logentry"}}, {"model": "auth.permission", "pk": 3, "fields": {"name": "Can delete log entry", "content_type": 1, "codename": "delete_logentry"}}, {"model": "auth.permission", "pk": 4, "fields": {"name": "Can view log entry", "content_type": 1, "codename": "view_logentry"}}, {"model": "auth.permission", "pk": 5, "fields": {"name": "Can add permission", "content_type": 2, "codename": "add_permission"}}, {"model": "auth.permission", "pk": 6, "fields": {"name": "Can change permission", "content_type": 2, "codename": "change_permission"}}, {"model": "auth.permission", "pk": 7, "fields": {"name": "Can delete permission", "content_type": 2, "codename": "delete_permission"}}, {"model": "auth.permission", "pk": 8, "fields": {"name": "Can view permission", "content_type": 2, "codename": "view_permission"}}, {"model": "auth.permission", "pk": 9, "fields": {"name": "Can add group", "content_type": 3, "codename": "add_group"}}, {"model": "auth.permission", "pk": 10, "fields": {"name": "Can change group", "content_type": 3, "codename": "change_group"}}, {"model": "auth.permission", "pk": 11, "fields": {"name": "Can delete group", "content_type": 3, "codename": "delete_group"}}, {"model": "auth.permission", "pk": 12, "fields": {"name": "Can view group", "content_type": 3, "codename": "view_group"}}, {"model": "auth.permission", "pk": 13, "fields": {"name": "Can add user", "content_type": 4, "codename": "add_user"}}, {"model": "auth.permission", "pk": 14, "fields": {"name": "Can change user", "content_type": 4, "codename": "change_user"}}, {"model": "auth.permission", "pk": 15, "fields": {"name": "Can delete user", "content_type": 4, "codename": "delete_user"}}, {"model": "auth.permission", "pk": 16, "fields": {"name": "Can view user", "content_type": 4, "codename": "view_user"}}, {"model": "auth.permission", "pk": 17, "fields": {"name": "Can add content type", "content_type": 5, "codename": "add_contenttype"}}, {"model": "auth.permission", "pk": 18, "fields": {"name": "Can change content type", "content_type": 5, "codename": "change_contenttype"}}, {"model": "auth.permission", "pk": 19, "fields": {"name": "Can delete content type", "content_type": 5, "codename": "delete_contenttype"}}, {"model": "auth.permission", "pk": 20, "fields": {"name": "Can view content type", "content_type": 5, "codename": "view_contenttype"}}, {"model": "auth.permission", "pk": 21, "fields": {"name": "Can add session", "content_type": 6, "codename": "add_session"}}, {"model": "auth.permission", "pk": 22, "fields": {"name": "Can change session", "content_type": 6, "codename": "change_session"}}, {"model": "auth.permission", "pk": 23, "fields": {"name": "Can delete session", "content_type": 6, "codename": "delete_session"}}, {"model": "auth.permission", "pk": 24, "fields": {"name": "Can view session", "content_type": 6, "codename": "view_session"}}, {"model": "auth.permission", "pk": 25, "fields": {"name": "Can add feed", "content_type": 7, "codename": "add_feed"}}, {"model": "auth.permission", "pk": 26, "fields": {"name": "Can change feed", "content_type": 7, "codename": "change_feed"}}, {"model": "auth.permission", "pk": 27, "fields": {"name": "Can delete feed", "content_type": 7, "codename": "delete_feed"}}, {"model": "auth.permission", "pk": 28, "fields": {"name": "Can view feed", "content_type": 7, "codename": "view_feed"}}, {"model": "auth.permission", "pk": 29, "fields": {"name": "Can add ad", "content_type": 8, "codename": "add_ad"}}, {"model": "auth.permission", "pk": 30, "fields": {"name": "Can change ad", "content_type": 8, "codename": "change_ad"}}, {"model": "auth.permission", "pk": 31, "fields": {"name": "Can delete ad", "content_type": 8, "codename": "delete_ad"}}, {"model": "auth.permission", "pk": 32, "fields": {"name": "Can view ad", "content_type": 8, "codename": "view_ad"}}, {"model": "auth.permission", "pk": 33, "fields": {"name": "Can add note", "content_type": 9, "codename": "add_note"}}, {"model": "auth.permission", "pk": 34, "fields": {"name": "Can change note", "content_type": 9, "codename": "change_note"}}, {"model": "auth.permission", "pk": 35, "fields": {"name": "Can delete note", "content_type": 9, "codename": "delete_note"}}, {"model": "auth.permission", "pk": 36, "fields": {"name": "Can view note", "content_type": 9, "codename": "view_note"}}, {"model": "auth.permission", "pk": 37, "fields": {"name": "Can add achievement", "content_type": 10, "codename": "add_achievement"}}, {"model": "auth.permission", "pk": 38, "fields": {"name": "Can change achievement", "content_type": 10, "codename": "change_achievement"}}, {"model": "auth.permission", "pk": 39, "fields": {"name": "Can delete achievement", "content_type": 10, "codename": "delete_achievement"}}, {"model": "auth.permission", "pk": 40, "fields": {"name": "Can view achievement", "content_type": 10, "codename": "view_achievement"}}, {"model": "auth.permission", "pk": 41, "fields": {"name": "Can add user", "content_type": 11, "codename": "add_user"}}, {"model": "auth.permission", "pk": 42, "fields": {"name": "Can change user", "content_type": 11, "codename": "change_user"}}, {"model": "auth.permission", "pk": 43, "fields": {"name": "Can delete user", "content_type": 11, "codename": "delete_user"}}, {"model": "auth.permission", "pk": 44, "fields": {"name": "Can view user", "content_type": 11, "codename": "view_user"}}, {"model": "auth.permission", "pk": 45, "fields": {"name": "Can add users posts", "content_type": 12, "codename": "add_usersposts"}}, {"model": "auth.permission", "pk": 46, "fields": {"name": "Can change users posts", "content_type": 12, "codename": "change_usersposts"}}, {"model": "auth.permission", "pk": 47, "fields": {"name": "Can delete users posts", "content_type": 12, "codename": "delete_usersposts"}}, {"model": "auth.permission", "pk": 48, "fields": {"name": "Can view users posts", "content_type": 12, "codename": "view_usersposts"}}, {"model": "auth.user", "pk": 1, "fields": {"password": "pbkdf2_sha256$390000$01gVt6BBPRwPwj9bhlJg5q$AFDUSJ9v8nwrgu0FrdMAFE86wIkLx6OeThPHszGUh4g=", "last_login": null, "is_superuser": true, "username": "root", "first_name": "", "last_name": "", "email": "", "is_staff": true, "is_active": true, "date_joined": "2023-04-07T10:20:56.845Z", "groups": [], "user_permissions": []}}, {"model": "contenttypes.contenttype", "pk": 1, "fields": {"app_label": "admin", "model": "logentry"}}, {"model": "contenttypes.contenttype", "pk": 2, "fields": {"app_label": "auth", "model": "permission"}}, {"model": "contenttypes.contenttype", "pk": 3, "fields": {"app_label": "auth", "model": "group"}}, {"model": "contenttypes.contenttype", "pk": 4, "fields": {"app_label": "auth", "model": "user"}}, {"model": "contenttypes.contenttype", "pk": 5, "fields": {"app_label": "contenttypes", "model": "contenttype"}}, {"model": "contenttypes.contenttype", "pk": 6, "fields": {"app_label": "sessions", "model": "session"}}, {"model": "contenttypes.contenttype", "pk": 7, "fields": {"app_label": "main", "model": "feed"}}, {"model": "contenttypes.contenttype", "pk": 8, "fields": {"app_label": "main", "model": "ad"}}, {"model": "contenttypes.contenttype", "pk": 9, "fields": {"app_label": "main", "model": "note"}}, {"model": "contenttypes.contenttype", "pk": 10, "fields": {"app_label": "main", "model": "achievement"}}, {"model": "contenttypes.contenttype", "pk": 11, "fields": {"app_label": "main", "model": "user"}}, {"model": "contenttypes.contenttype", "pk": 12, "fields": {"app_label": "main", "model": "usersposts"}}, {"model": "main.user", "pk": 1, "fields": {"name": "u1", "surname": "s1"}}, {"model": "main.user", "pk": 2, "fields": {"name": "u2", "surname": "s2"}}, {"model": "main.user", "pk": 3, "fields": {"name": "u3", "surname": "s3"}}, {"model": "main.feed", "pk": 1, "fields": {"title": "n1", "created_at": "2023-04-07T10:21:13.925Z"}}, {"model": "main.feed", "pk": 2, "fields": {"title": "n2", "created_at": "2023-04-07T10:21:13.931Z"}}, {"model": "main.feed", "pk": 3, "fields": {"title": "n3", "created_at": "2023-04-07T10:21:13.934Z"}}, {"model": "main.feed", "pk": 4, "fields": {"title": "n4", "created_at": "2023-04-07T10:21:13.938Z"}}, {"model": "main.feed", "pk": 5, "fields": {"title": "n5", "created_at": "2023-04-07T10:21:13.941Z"}}, {"model": "main.feed", "pk": 6, "fields": {"title": "a1", "created_at": "2023-04-07T10:21:13.944Z"}}, {"model": "main.feed", "pk": 7, "fields": {"title": "a2", "created_at": "2023-04-07T10:21:13.947Z"}}, {"model": "main.feed", "pk": 8, "fields": {"title": "a3", "created_at": "2023-04-07T10:21:13.951Z"}}, {"model": "main.feed", "pk": 9, "fields": {"title": "a4", "created_at": "2023-04-07T10:21:13.954Z"}}, {"model": "main.feed", "pk": 10, "fields": {"title": "a5", "created_at": "2023-04-07T10:21:13.957Z"}}, {"model": "main.feed", "pk": 11, "fields": {"title": "a6", "created_at": "2023-04-07T10:21:13.959Z"}}, {"model": "main.feed", "pk": 12, "fields": {"title": "ad1", "created_at": "2023-04-07T10:21:13.962Z"}}, {"model": "main.feed", "pk": 13, "fields": {"title": "ad2", "created_at": "2023-04-07T10:21:13.965Z"}}, {"model": "main.feed", "pk": 14, "fields": {"title": "ad3", "created_at": "2023-04-07T10:21:13.968Z"}}, {"model": "main.feed", "pk": 15, "fields": {"title": "ad4", "created_at": "2023-04-07T10:21:13.972Z"}}, {"model": "main.note", "pk": 1, "fields": {"body": "b1"}}, {"model": "main.note", "pk": 2, "fields": {"body": "b2"}}, {"model": "main.note", "pk": 3, "fields": {"body": "b3"}}, {"model": "main.note", "pk": 4, "fields": {"body": "b4"}}, {"model": "main.note", "pk": 5, "fields": {"body": "b5"}}, {"model": "main.achievement", "pk": 6, "fields": {"body": "rrer", "icon": ""}}, {"model": "main.achievement", "pk": 7, "fields": {"body": "rrer", "icon": ""}}, {"model": "main.achievement", "pk": 8, "fields": {"body": "rrer", "icon": ""}}, {"model": "main.achievement", "pk": 9, "fields": {"body": "rrer", "icon": ""}}, {"model": "main.achievement", "pk": 10, "fields": {"body": "rrer", "icon": ""}}, {"model": "main.achievement", "pk": 11, "fields": {"body": "rrer", "icon": ""}}, {"model": "main.ad", "pk": 12, "fields": {"body": "I am an ad", "image": "", "url": "ad.com"}}, {"model": "main.ad", "pk": 13, "fields": {"body": "I am an ad", "image": "", "url": "ad.com"}}, {"model": "main.ad", "pk": 14, "fields": {"body": "I am an ad", "image": "", "url": "ad.com"}}, {"model": "main.ad", "pk": 15, "fields": {"body": "I am an ad", "image": "", "url": "ad.com"}}, {"model": "main.usersposts", "pk": 1, "fields": {"created_at": "2023-04-07T10:21:13.978Z", "user": 1, "post_object_id": 1, "post_content_type": 9}}, {"model": "main.usersposts", "pk": 2, "fields": {"created_at": "2023-04-07T10:21:13.982Z", "user": 1, "post_object_id": 2, "post_content_type": 9}}, {"model": "main.usersposts", "pk": 3, "fields": {"created_at": "2023-04-07T10:21:13.984Z", "user": 1, "post_object_id": 3, "post_content_type": 9}}, {"model": "main.usersposts", "pk": 4, "fields": {"created_at": "2023-04-07T10:21:13.987Z", "user": 1, "post_object_id": 6, "post_content_type": 10}}, {"model": "main.usersposts", "pk": 5, "fields": {"created_at": "2023-04-07T10:21:13.990Z", "user": 1, "post_object_id": 7, "post_content_type": 10}}, {"model": "main.usersposts", "pk": 6, "fields": {"created_at": "2023-04-07T10:21:13.992Z", "user": 1, "post_object_id": 8, "post_content_type": 10}}, {"model": "main.usersposts", "pk": 7, "fields": {"created_at": "2023-04-07T10:21:13.994Z", "user": 1, "post_object_id": 9, "post_content_type": 10}}, {"model": "main.usersposts", "pk": 8, "fields": {"created_at": "2023-04-07T10:21:13.996Z", "user": 2, "post_object_id": 4, "post_content_type": 9}}, {"model": "main.usersposts", "pk": 9, "fields": {"created_at": "2023-04-07T10:21:13.998Z", "user": 2, "post_object_id": 5, "post_content_type": 9}}, {"model": "main.usersposts", "pk": 10, "fields": {"created_at": "2023-04-07T10:21:14.001Z", "user": 2, "post_object_id": 10, "post_content_type": 10}}, {"model": "main.usersposts", "pk": 11, "fields": {"created_at": "2023-04-07T10:21:14.004Z", "user": 2, "post_object_id": 11, "post_content_type": 10}}]